Event,Zone,Region,latitude,longitude
Bushfire - Black Thursday Victoria,Melbourne,Melbourne,-37.712608,144.495866
Bushfire - Red Tuesday,Melbourne,Melbourne,-37.813825,144.959165
Black Summer - New South Wales,New South Wales,New South Wales,-31.061251,147.255548
Black Summer - Queensland,Queensland,Queensland,-20.83322,142.894144
Black Summer - Victoria,Victoria,Victoria,-37.508367,144.769126
Black Summer - South Australia,South Australia,South Australia,-29.989555,136.206564
"Eastern Victorian bushfires, 2019",East Victoria,East Victoria,-37.384909,147.790291
"Tathra bushfire, 2018",Tathra,Tathra,-36.704251,150.02377
"South-west complex fires, 2018",South-west Victoria,South-west Victoria,-38.002183,141.902427
Waroona-Yarloop Fire,"Waroona, Yarloop","Waroona, Yarloop",-32.988123,115.748313
Wye River - Jamieson track / Great Ocean Road Bushfire,Wye River,Wye River,-38.773555,143.992362
"Pinery fire, 2015",Pinery,Pinery,-33.937512,138.702791
"Sampson Flat bushfire, 2015",Sampson Flat,Sampson Flat,-34.953285,138.81853
"Bushfire – Perth Hills, Western Australia 2014",Perth,Perth,-31.945177,115.878321
Bushfire - Victoria,"Stawell, Yea, Moondarra, Grampians, Kinglake and Anakie","Stawell, Yea, Moondarra, Grampians, Kinglake and Anakie",-37.388994,144.505201
"Bushfire - Coonabarabran, 2013",Coonabarabran,Coonabarabran,-31.276825,149.287333
"Bushfire - Hazelwood open cut mine fire, Morwell",Morwell,Morwell,-37.742667,146.795004
"Dunalley and Tasmanian bushfires, 2013","Dunalley, Forcett, Lake Repulse ","Dunalley, Forcett, Lake Repulse ",-42.652966,147.158253
Bushfire - Augusta - Margaret River,Bunbury,Bunbury,-32.961902,116.137525
Bushfire - Perth Hill Bushfires,Perth,Perth,-31.680834,115.403598
"Bushfire - Black Saturday, Victoria","Cooma (VIC) , Mount Gambier (VIC) , Warrnambool (VIC) , Wilsons Promontory , Melbourne","Cooma (VIC) , Mount Gambier (VIC) , Warrnambool (VIC) , Wilsons Promontory , Melbourne",-37.637994,144.519516
Bushfire - Boorabbin National Park,Kalgoorlie,Kalgoorlie,-30.808283,121.365573
Bushfire - Great Divide Complex,"Cooma (VIC) , Melbourne","Cooma (VIC) , Melbourne",-36.655341,146.792803
Bushfire - Victoria,"Mount Gambier (VIC) , Wilsons Promontory , Melbourne","Mount Gambier (VIC) , Wilsons Promontory , Melbourne",-38.224861,144.021901
Bushfire - Eyre Peninsula,Adelaide,Adelaide,-34.986605,138.384486
Bushfire - Canberra,Canberra (ACT),Canberra (ACT),-35.264974,149.141399
"Bushfire - North-Eastern Victoria, Alpine Region",Cooma (VIC),Cooma (VIC),-35.810362,149.298975
Bushfire - Sydney,Sydney,Sydney,-33.872063,151.174189
Bushfire - Black Christmas,"Dubbo , Sydney , Wollongong , Canberra (ACT)","Dubbo , Sydney , Wollongong , Canberra (ACT)",-34.278068,149.969835
"Bushfire – Mt Ku-ring-gai, New South Wales 2000",Mt Ku-Ring-gai,Mt Ku-Ring-gai,-33.713659,151.289335
Bushfire - Linton (near Ballarat),Melbourne,Melbourne,-37.624644,145.00919
"Bushfire - Sydney, Hunter, Pilliga",Sydney,Sydney,-33.858419,151.178905
Bushfire - Kangaroo Island,Kangaroo Island,Kangaroo Island,-35.423574,136.914865
Bushfire - Dandenong Ranges and Mornington Peninsula,"Wilsons Promontory , Melbourne","Wilsons Promontory , Melbourne",-38.174782,145.260594
Bushfire - East Coast,Brisbane,Brisbane,-27.467217,153.057163
"Bushfire - North Coast, Hunter and Sydney","Dubbo , Lismore (NSW) , Sydney","Dubbo , Lismore (NSW) , Sydney",-31.868818,150.960456
Bushfire - Western Sydney and Central Coast,Sydney,Sydney,-33.852633,151.166832
Bushfire - Cootamundra and Deniliquin Regions,"Canberra (NSW) , Swan Hill (NSW)","Canberra (NSW) , Swan Hill (NSW)",-35.328995,146.309228
Bushfire - Central Victoria and Alpine Fires,"Cooma (VIC) , Mount Gambier (VIC) , Wilsons Promontory , Melbourne","Cooma (VIC) , Mount Gambier (VIC) , Wilsons Promontory , Melbourne",-37.293156,145.092181
Bushfire - North-Western Regions,Bourke,Bourke,-29.969971,145.39612
Bushfire - Ash Wednesday,"Wilsons Promontory , Adelaide , Melbourne","Wilsons Promontory , Adelaide , Melbourne",-37.423066,143.488281
Bushfire - Sydney and Southern Regions,Sydney,Sydney,-33.913009,150.704277
Bushfire - Sydney and Wollongong,"Sydney , Wollongong","Sydney , Wollongong",-34.191829,151.416539
Bushfire - Mount Lofty Ranges,Adelaide,Adelaide,-34.996748,138.67061
Bushfire - Sydney and Region,Sydney,Sydney,-33.528782,151.095311
Bushfire - Western Districts and Streatham,Melbourne,Melbourne,-37.817297,144.951377
Bushfire - New South Wales 1974,"Bourke , Hillston , Swan Hill (NSW) , Sydney","Bourke , Hillston , Swan Hill (NSW) , Sydney",-33.170939,146.560015
Bushfire - Lara and Melbourne Fringe,Wilsons Promontory,Wilsons Promontory,-38.830762,146.46792
Bushfire - Blue Mountains and Illawarra,Sydney,Sydney,-33.858767,151.207899
Bushfire - Black Tuesday Tasmania,"Hobart , Launceston","Hobart , Launceston",-42.187135,147.241698
Bushfire - Gippsland,"Cooma (VIC) , Melbourne","Cooma (VIC) , Melbourne",-36.73991,147.536361
Bushfire - Longwood District,Melbourne,Melbourne,-37.870356,144.593288
Bushfire - Southern Victoria and Dandenong Ranges,Melbourne,Melbourne,-37.683973,144.87825
Bushfire - Wandilo,Mount Gambier (SA),Mount Gambier (SA),-37.829611,140.780382
Bushfire - Blue Mountains and Sydney Region,Sydney,Sydney,-33.833379,151.275825
"Bushfire - Black Sunday, Mt Lofty Ranges",Adelaide,Adelaide,-35.074298,138.351656
Bushfire - Narollah Station,Charters Towers,Charters Towers,-19.915997,146.217101
Bushfire - Central and Southern Victoria,Melbourne,Melbourne,-38.215299,144.514416
Bushfire - Australian Capital Territory and South-West New South Wales,"Canberra (NSW) , Dubbo , Hillston","Canberra (NSW) , Dubbo , Hillston",-33.513353,148.017902
Bushfire - Sydney and Southern New South Wales,"Cooma (NSW) , Sydney , Wollongong","Cooma (NSW) , Sydney , Wollongong",-35.283889,150.834741
Bushfire - Black Friday,"Wollongong , Canberra (ACT) , Mount Gambier (VIC) , Murray Bridge (VIC) , Wilsons Promontory , Mount Gambier (SA) , Launceston , Melbourne","Wollongong , Canberra (ACT) , Mount Gambier (VIC) , Murray Bridge (VIC) , Wilsons Promontory , Mount Gambier (SA) , Launceston , Melbourne",-37.345221,144.910697
Bushfire - Gippsland,Melbourne,Melbourne,-37.52876,145.460574
Bushfire - Central Western NSW and Southern QLD,"Brisbane , Canberra (NSW) , Dubbo , Lismore (NSW)","Brisbane , Canberra (NSW) , Dubbo , Lismore (NSW)",-30.951782,151.010452
Bushfire - South East Victoria,Melbourne,Melbourne,-37.815784,144.958754
Bushfire - Saltern Creek,Longreach,Longreach,-23.609965,144.232325
Bushfire - Warenda Station Hughenden,Boulia,Boulia,-22.912066,140.187821
Bushfire - Widespread Victoria,"Cooma (VIC) , Mount Gambier (VIC) , Wilsons Promontory , Melbourne","Cooma (VIC) , Mount Gambier (VIC) , Wilsons Promontory , Melbourne",-37.866174,145.391067
"Criminal Act - Bourke Street Mall Incident, 2017",Melbourne,Melbourne,-37.943629,144.424494
"Criminal Act - Lindt Cafe siege, 2014",sydney,sydney,-33.788569,151.791579
"Criminal Act - Marriott and Ritz-Carlton hotel bombings, 2009",Outside Territorial Waters,Outside Territorial Waters,-24.42832,110.072675
Criminal Act - Bali Bombings,Outside Territorial Waters,Outside Territorial Waters,-24.999206,110.213683
Criminal Act - London Transport Bombings,Outside Territorial Waters,Outside Territorial Waters,-25.052574,109.953624
Criminal Act - Kuta Bali Bombing,Outside Territorial Waters,Outside Territorial Waters,-25.071159,110.059263
Criminal Act - 9/11 Terrorist Attacks,Outside Territorial Waters,Outside Territorial Waters,-24.986909,110.038971
Criminal Act - Snowtown Murders,Adelaide,Adelaide,-34.864739,138.364352
Criminal Act - Port Arthur Shooting Massacre,Hobart,Hobart,-43.011291,147.071717
Criminal Act - Liverpool Arson,Sydney,Sydney,-33.9385,151.108862
"Criminal - Terrigal Shootings, Sydney 1992",Central Coast,Central Coast,-33.655998,151.254509
Criminal Act - Kings Cross Hostel,Sydney,Sydney,-33.77729,150.926092
Criminal Act - Oenpelli Shooting Massacre,Alligator River,Alligator River,-12.664976,132.550009
Criminal Act - Queen Street Shooting,Melbourne,Melbourne,-37.799727,144.949722
Criminal Act - Hoddle Street Shooting,Melbourne,Melbourne,-37.973456,145.213909
Criminal Act - The Kimberley Murders,"Fitzroy Crossing , Katherine","Fitzroy Crossing , Katherine",-16.587259,128.87633
Criminal Act - Sydney Nursing Home,Sydney,Sydney,-33.847134,151.240508
Criminal Act - Hilton Hotel Bombing,Sydney,Sydney,-33.348777,151.135727
Criminal Act - Savoy Hotel Arson,Sydney,Sydney,-33.837554,151.109554
Criminal Act - Whiskey Au Go-Go Nightclub Bombing,Brisbane,Brisbane,-27.440423,153.272463
Criminal Act - Myall Creek Massacre,Myall Creek,Myall Creek,-29.292432,150.209318
Cyclone Sigma,"Brisbane , Townsville","Brisbane , Townsville",-23.278496,149.927257
Cyclone - Darwin,Darwin,Darwin,-12.45321,130.838158
Cyclone - Gulf of Carpentaria,Mornington Island,Mornington Island,-16.505537,138.883541
Cyclone Mahina,Cooktown,Cooktown,-15.536532,145.195549
Cyclone Veronica,Port Hedland,Port Hedland,-20.218449,118.584975
Cyclone Marcus,Darwin,Darwin,-12.470079,130.839774
Cyclone Debbie,Airlie Beach,Airlie Beach,-19.936039,149.066548
Cyclone Marcia,Shoalwater Bay,Shoalwater Bay,-22.368656,150.225582
Cyclone Oswald,Cape York Peninsula,Cape York Peninsula,-13.534104,142.258198
Cyclone Yasi,"Ayr , Cairns , Townsville","Ayr , Cairns , Townsville",-18.586959,146.652665
Cyclone George,Port Hedland,Port Hedland,-20.431225,118.544798
Cyclone Larry,Cairns,Cairns,-16.987637,145.855657
Cyclone Tessi,Townsville,Townsville,-19.341045,146.958954
Cyclone Steve,Cairns,Cairns,-16.890787,145.718968
Cyclone Vance,"Dampier , Exmouth Gulf , Port Hedland","Dampier , Exmouth Gulf , Port Hedland",-21.088611,116.537335
Cyclone Justin,"Cairns , Townsville","Cairns , Townsville",-18.201991,146.212139
Cyclone Bobby,Dampier,Dampier,-20.802031,116.701293
Cyclone Rewa,Brisbane,Brisbane,-27.302276,152.983492
Cyclone Nancy,"Brisbane , Lismore (QLD)","Brisbane , Lismore (QLD)",-28.087412,153.138568
Cyclone Aivu,"Brisbane , Lismore (QLD) , Mackay , Rockhampton , Lismore (NSW)","Brisbane , Lismore (QLD) , Mackay , Rockhampton , Lismore (NSW)",-26.256918,152.075707
Cyclone Herbie,Dampier,Dampier,-20.684852,116.747869
Cyclone Winifred,Cairns,Cairns,-16.776411,145.544381
Cyclone Hazel,Carnarvon,Carnarvon,-24.728989,113.848111
Cyclone Alby,Perth,Perth,-32.022535,115.742871
Cyclone Joan,Port Hedland,Port Hedland,-20.276099,118.262068
Cyclone Tracy,Darwin,Darwin,-12.044989,131.25964
Cyclone Emily,"Bundaberg , Rockhampton","Bundaberg , Rockhampton",-23.960965,151.325194
Cyclone Althea,Townsville,Townsville,-19.247742,146.834941
Cyclone Ada,Mackay,Mackay,-21.115675,149.163786
Cyclone Audrey,Coburg Peninsula,Coburg Peninsula,-11.631458,132.479845
Cyclone Glenda,Brisbane,Brisbane,-27.321062,152.892826
Cyclone Agnes,Cairns,Cairns,-16.812407,145.696323
Cyclone - Mackay,Mackay,Mackay,-21.462678,148.646708
Cyclone - The Great Gold coast cyclone Southern Queensland and Northern New South Wales,"Brisbane , Lismore (QLD)","Brisbane , Lismore (QLD)",-28.078422,152.975059
Cyclone - TC119 Coastal Queensland and New South Wales,"Brisbane , Cairns , Sydney","Brisbane , Cairns , Sydney",-26.127178,150.11717
Cyclone - Rockhampton,"Bundaberg , Rockhampton","Bundaberg , Rockhampton",-24.122628,151.429045
Cyclone - Cape York and Townsville,"Cairns , Townsville","Cairns , Townsville",-18.062813,146.236578
Cyclone - Innisfail,Cairns,Cairns,-16.83788,145.750834
Cyclone - Mackay,Mackay,Mackay,-21.462678,148.646708
Cyclone - Balla Balla,Port Hedland,Port Hedland,-20.304791,118.527996
"Cyclone - Broome, Lacepede Islands","Broome, Lacepede Islands","Broome, Lacepede Islands",-17.953496,122.234252
Cyclone Broome,Broome,Broome,-17.959023,122.258848
Cyclone - Cooktown,Cooktown,Cooktown,-15.326993,145.196941
Cyclone Leonta,Townsville,Townsville,-19.334295,146.640943
Earthquake - Japan,"Antarctica , Christmas and Cocos Islands , Lord Howe and Norfolk Islands , Outside Territorial Waters , Territorial Waters","Antarctica , Christmas and Cocos Islands , Lord Howe and Norfolk Islands , Outside Territorial Waters , Territorial Waters",-19.04362,107.304821
Earthquake - Christchurch - New Zealand,Outside Territorial Waters,Outside Territorial Waters,-24.826589,109.869075
Earthquake - Sumatra,Outside Territorial Waters,Outside Territorial Waters,-24.882318,109.556772
"Earthquake â€“ Hunter Valley, Ellalong and Cessnock",Sydney,Sydney,-33.910552,151.170184
Earthquake - Newcastle,Sydney,Sydney,-34.045295,151.340747
Earthquake - Meckering and Region,Merredin,Merredin,-31.473953,118.286546
Earthquake - Victoria,Alpine National Park,Alpine National Park,-37.181546,146.574507
Environment - Drought,New South Wales,New South Wales,-31.254021,146.902051
Environment - Central Wheatbelt Western Australia,Merredin,Merredin,-31.165484,118.756969
Health- South Eastern Australia Heatwave,"Cooma (VIC) , Mount Gambier (VIC) , Murray Bridge (VIC) , Swan Hill (VIC) , Warrnambool (VIC) , Adelaide , Ceduna , Coober Pedy , Cook , Danggali (SA) , Lake Blanche , Lake Eyre , Lake Maurice , Leigh Creek , Marla , Mount Gambier (SA) , Murray Bridge (SA) , Musgrave ranges , Oodnadatta , Tarcoola , Warburton Creek , Warrnambool (SA) , Whyalla , Woomera , Melbourne","Cooma (VIC) , Mount Gambier (VIC) , Murray Bridge (VIC) , Swan Hill (VIC) , Warrnambool (VIC) , Adelaide , Ceduna , Coober Pedy , Cook , Danggali (SA) , Lake Blanche , Lake Eyre , Lake Maurice , Leigh Creek , Marla , Mount Gambier (SA) , Murray Bridge (SA) , Musgrave ranges , Oodnadatta , Tarcoola , Warburton Creek , Warrnambool (SA) , Whyalla , Woomera , Melbourne",-34.549117,140.133309
Health - South East Queensland Heatwave,Brisbane,Brisbane,-27.602606,152.917338
Health - Townsville Heatwave,Townsville,Townsville,-19.481678,146.799125
Health - National Heatwave,"Brisbane , Sydney , Canberra (ACT) , Adelaide , Perth , Darwin , Hobart , Melbourne","Brisbane , Sydney , Canberra (ACT) , Adelaide , Perth , Darwin , Hobart , Melbourne",-32.296808,141.183573
Health -  Oodnadatta Heatwave,Oodnadatta,Oodnadatta,-27.542358,135.425716
Health - National Heatwave,"Brisbane , Sydney , Canberra (ACT) , Adelaide , Perth , Darwin , Hobart , Melbourne","Brisbane , Sydney , Canberra (ACT) , Adelaide , Perth , Darwin , Hobart , Melbourne",-32.296808,141.183573
Health - National Heatwave,"Brisbane , Sydney , Canberra (ACT) , Adelaide , Perth , Darwin , Hobart , Melbourne","Brisbane , Sydney , Canberra (ACT) , Adelaide , Perth , Darwin , Hobart , Melbourne",-32.296808,141.183573
Health- South Eastern Australia Heatwave,"Sydney , Adelaide , Ceduna , Melbourne","Sydney , Adelaide , Ceduna , Melbourne",-34.68188,142.117097
Health - Melbourne and Northern Victoria Legionnaires' Disease Outbreak,Melbourne,Melbourne,-37.782992,144.940286
Health - Food Poisoning Outbreak,Adelaide,Adelaide,-35.031171,138.518539
Health- Spanish Flu,"Brisbane , Sydney , Canberra (ACT) , Adelaide , Perth , Darwin , Hobart , Melbourne","Brisbane , Sydney , Canberra (ACT) , Adelaide , Perth , Darwin , Hobart , Melbourne",-32.058833,141.20249
Health - Bubonic Plague Sydney,"Brisbane , Sydney , Adelaide , Bunbury , Perth , Melbourne","Brisbane , Sydney , Adelaide , Bunbury , Perth , Melbourne",-33.207119,136.525896
Health - Heatwave,"Brisbane , Sydney , Canberra (ACT) , Adelaide , Perth , Darwin , Hobart , Melbourne","Brisbane , Sydney , Canberra (ACT) , Adelaide , Perth , Darwin , Hobart , Melbourne",-32.175656,141.506471
Health - South-Eastern Australia Heatwave,National,National,-25.274346,133.780704
Health - National Heatwave,National,National,-25.489008,133.600246
Health - National Heatwave,National,National,-25.489008,133.600246
Health - Heatwave,"Brisbane , Sydney , Canberra (ACT) , Adelaide , Perth , Darwin , Hobart , Melbourne","Brisbane , Sydney , Canberra (ACT) , Adelaide , Perth , Darwin , Hobart , Melbourne",-32.175656,141.506471
Health - Heatwave,"Brisbane , Sydney , Canberra (ACT) , Adelaide , Perth , Darwin , Hobart , Melbourne","Brisbane , Sydney , Canberra (ACT) , Adelaide , Perth , Darwin , Hobart , Melbourne",-32.175656,141.506471
Health - Heatwave,"Brisbane , Sydney , Canberra (ACT) , Adelaide , Perth , Darwin , Hobart , Melbourne","Brisbane , Sydney , Canberra (ACT) , Adelaide , Perth , Darwin , Hobart , Melbourne",-32.175656,141.506471
Health - Heatwave,"Brisbane , Sydney , Canberra (ACT) , Adelaide , Perth , Darwin , Hobart , Melbourne","Brisbane , Sydney , Canberra (ACT) , Adelaide , Perth , Darwin , Hobart , Melbourne",-32.175656,141.506471
Health - Heatwave,"Brisbane , Sydney , Canberra (ACT) , Adelaide , Perth , Darwin , Hobart , Melbourne","Brisbane , Sydney , Canberra (ACT) , Adelaide , Perth , Darwin , Hobart , Melbourne",-32.175656,141.506471
Health - Heatwaves,"Brisbane , Sydney , Canberra (ACT) , Adelaide , Perth , Darwin , Hobart , Melbourne","Brisbane , Sydney , Canberra (ACT) , Adelaide , Perth , Darwin , Hobart , Melbourne",-31.968237,141.20816
Health - Melbourne heatwave,Melbourne,Melbourne,-37.516355,145.104128
Flood - Bolwarra,Sydney,Sydney,-33.837105,151.237391
Flood - Gundagai,Canberra (NSW),Canberra (NSW),-35.276484,149.125819
Flood - Mid-North South Australia,"Adelaide , Leigh Creek , Murray Bridge (SA)","Adelaide , Leigh Creek , Murray Bridge (SA)",-33.632679,138.760129
Flood - Araluen and Braidwood,Wollongong,Wollongong,-34.66772,150.931275
Flood -  Widespread New South Wales (including Queensland and South Australia),"Bourke , Broken Hill , Danggali (NSW) , Swan Hill (NSW)","Bourke , Broken Hill , Danggali (NSW) , Swan Hill (NSW)",-32.748051,143.551594
"Flood - Black February. Brisbane, Ipswich and Maryborough","Brisbane , Bundaberg","Brisbane , Bundaberg",-26.178393,152.936381
Flood - Maitland,Maitland,Maitland,-32.734152,151.553868
Flood - Katherine and Daly River,"Katherine , Victoria River","Katherine , Victoria River",-25.941055,138.48519
Flood - Clermont and Peak Downs,Clermont,Clermont,-22.823941,147.636531
Flood - Widespread New South Wales and Queensland,New South Wales,New South Wales,-31.092078,147.567122
Flood - Nowra,Wollongong,Wollongong,-34.465499,150.791591
South-east Queensland Heavy rainfall and floods,Queensland,Queensland,-20.904142,142.573086
Flood - Hobart flash flooding,Hobart,Hobart,-42.7066,147.235305
Flood - south-eastern Australia,National,National,-25.273194,133.782873
"Flood - Tasmania, 2016","Mersey, Forth, Meander, North Esk, South Esk, Macquarie, Ouse, Huon and Derwent Rivers","Mersey, Forth, Meander, North Esk, South Esk, Macquarie, Ouse, Huon and Derwent Rivers",-40.783273,146.904191
Flood - Victoria,Cooma (VIC),Cooma (VIC),-36.241757,148.756867
Flood - New South Wales,"Bourke , Broken Hill , Canberra (NSW) , Cooma (NSW) , Dubbo , Narrabi , Swan Hill (NSW) , Sydney , Tamworth , Tibooburra (NSW) , Wollongong","Bourke , Broken Hill , Canberra (NSW) , Cooma (NSW) , Dubbo , Narrabi , Swan Hill (NSW) , Sydney , Tamworth , Tibooburra (NSW) , Wollongong",-33.122401,147.812078
Flood - Queensland,"Cairns , Cape York , Charters Towers , Cooktown , Gunpowder , Mackay , Mitchell River , Mornington Island , Normanton , Torres Strait , Townsville , Weipa","Cairns , Cape York , Charters Towers , Cooktown , Gunpowder , Mackay , Mitchell River , Mornington Island , Normanton , Torres Strait , Townsville , Weipa",-16.287458,143.766069
Flood - Northern NSW - Moree,"Moree (NSW) , Narrabi , Tamworth","Moree (NSW) , Narrabi , Tamworth",-30.290376,150.366085
Flood - Victoria,"Mount Gambier (VIC) , Murray Bridge (VIC) , Swan Hill (VIC) , Melbourne","Mount Gambier (VIC) , Murray Bridge (VIC) , Swan Hill (VIC) , Melbourne",-36.531282,141.772769
"Flood - Warum, Kimberly",Kimberly,Kimberly,-17.00044,127.999594
Flood - Queensland,Brisbane,Brisbane,-27.605967,152.920223
Flood - Gascoyne river,Gascoyne River,Gascoyne River,-23.499928,115.00085
Flood - Queensland,"Blackall , Brisbane , Charleville , Clermont , Eromanga , Moree (QLD) , Roma , Taroom , Windorah","Blackall , Brisbane , Charleville , Clermont , Eromanga , Moree (QLD) , Roma , Taroom , Windorah",-26.235267,147.310393
Flood - Northern New South Wales,Lismore (NSW),Lismore (NSW),-28.94687,153.554323
Flood - Mid and North Coast,Tamworth,Tamworth,-31.098071,150.968893
Flood - North Queensland,"Cairns , Townsville","Cairns , Townsville",-17.77499,146.005155
Flood - North Queensland,"Cairns , Townsville","Cairns , Townsville",-17.77499,146.005155
Flood - Mackay,"Blackall , Bundaberg , Cairns , Cape York , Charters Towers , Clermont , Cooktown , Croydon , Longreach , Mackay , Mitchell River , Normanton , Rockhampton , Taroom , Townsville , Weipa","Blackall , Bundaberg , Cairns , Cape York , Charters Towers , Clermont , Cooktown , Croydon , Longreach , Mackay , Mitchell River , Normanton , Rockhampton , Taroom , Townsville , Weipa",-19.57672,145.835448
Flood - North Coast New South Wales,Lismore (NSW),Lismore (NSW),-28.671497,153.408922
Flood - Queensland,"Ayr , Birdsville , Blackall , Boulia , Cairns , Cape York , Charleville , Charters Towers , Clermont , Cooktown , Coringa Islets , Croydon , Cunnamulla (QLD) , Eromanga , Longreach , Mackay , Mitchell River , Moree (QLD) , Mornington Island , Mount Isa , Normanton , Osprey Reef , Richmond , Rockhampton , Roma , Taroom , Tibooburra (QLD) , Townsville , Weipa , Windorah , Winton","Ayr , Birdsville , Blackall , Boulia , Cairns , Cape York , Charleville , Charters Towers , Clermont , Cooktown , Coringa Islets , Croydon , Cunnamulla (QLD) , Eromanga , Longreach , Mackay , Mitchell River , Moree (QLD) , Mornington Island , Mount Isa , Normanton , Osprey Reef , Richmond , Rockhampton , Roma , Taroom , Tibooburra (QLD) , Townsville , Weipa , Windorah , Winton",-21.63573,144.426304
Flood - South East Queensland,"Brisbane , Lismore (QLD)","Brisbane , Lismore (QLD)",-28.062455,153.301818
Flood - Gippsland,"Cooma (VIC) , Wilsons Promontory , Melbourne","Cooma (VIC) , Wilsons Promontory , Melbourne",-38.240682,146.700006
Flood - Gawler river,Gawler River,Gawler River,-34.721021,138.639582
Flood - North East New South Wales,Lismore (NSW),Lismore (NSW),-28.819641,153.261976
Flood - South East Queensland,Lismore (QLD),Lismore (QLD),-28.730555,153.428725
"Flood - Brisbane, Sunshine Coast, and Gold Coast",Brisbane,Brisbane,-27.790585,153.42097
"Flood - Grafton, Kempsey and North Coast New South Wales","Lismore (NSW) , Tamworth","Lismore (NSW) , Tamworth",-29.81038,152.336077
Flood - North and Central Queensland,"Cairns , Townsville","Cairns , Townsville",-18.070816,146.336401
Flood - Melbourne and Central Victoria,Melbourne,Melbourne,-37.662515,144.895409
Flood - Switzerland Gorge Flash Flood,Outside Territorial Waters,Outside Territorial Waters,-24.473232,109.765463
Flood - Sydney and Wollongong,"Sydney , Wollongong","Sydney , Wollongong",-34.149113,151.051125
Flood - Katherine Floods,Katherine,Katherine,-14.39673,132.262329
Flood - Townsville,"Cairns , Townsville","Cairns , Townsville",-18.115766,146.259052
Flood - Southern Queensland and Northern New South Wales,"Brisbane , Lismore (NSW)","Brisbane , Lismore (NSW)",-28.159372,153.146826
Flood - North-Eastern Victoria,Melbourne,Melbourne,-38.168853,145.156508
"Flood - Gnarr Creek, Ballarat",Melbourne,Melbourne,-37.791801,144.841461
Flood - Boonah,Brisbane,Brisbane,-27.453555,152.871171
Flood - Gulf Country,"Cairns , Rockhampton","Cairns , Rockhampton",-19.953383,148.269183
"Flood - Queensland - Charleville, New South Wales - Nyngan, Victoria - Gippsland","Brisbane , Lismore (NSW) , Melbourne","Brisbane , Lismore (NSW) , Melbourne",-31.31405,150.278316
"Flood - Gympie, Southern Queensland, and Eastern New South Wales","Brisbane , Lismore (QLD)","Brisbane , Lismore (QLD)",-27.859422,152.689516
Flood - Lismore,Lismore (NSW),Lismore (NSW),-28.797386,153.25714
Flood - Alice Springs and Central NT,Alice Springs,Alice Springs,-23.722713,133.888682
Flood - Sydney,Sydney,Sydney,-33.32949,151.037219
Flood - Sydney,Sydney,Sydney,-33.32949,151.037219
Flood - Dalby,Brisbane,Brisbane,-27.781769,153.054359
"Flood - Sydney, Newcastle and Wollongong",Sydney,Sydney,-33.868989,151.209569
Flood - Sydney,Sydney,Sydney,-33.32949,151.037219
Flood - Western Sydney,Sydney,Sydney,-33.882575,151.122715
Flood - Brisbane River,Brisbane,Brisbane,-27.439092,153.29633
Flood - Eastern Australia,"Brisbane , Dubbo , Lismore (NSW) , Sydney , Tamworth , Wollongong , Coober Pedy , Oodnadatta , Launceston , Melbourne","Brisbane , Dubbo , Lismore (NSW) , Sydney , Tamworth , Wollongong , Coober Pedy , Oodnadatta , Launceston , Melbourne",-32.300832,146.943953
"Flood - Queensland, Northern Territory and Western Australia","Birdsville , Cooktown , Longreach , Mornington Island , Mount Isa","Birdsville , Cooktown , Longreach , Mornington Island , Mount Isa",-20.461923,141.428478
Flood - Woden Valley,Canberra (ACT),Canberra (ACT),-35.267683,149.120716
Flood - Central Coast,"Ayr , Charters Towers , Mackay , Townsville","Ayr , Charters Towers , Mackay , Townsville",-19.95164,146.884169
Flood - Hunter Valley,Sydney,Sydney,-33.871635,151.219356
Flood - Northern New South Wales,Lismore (NSW),Lismore (NSW),-28.94687,153.554323
Flood - Eastern New South Wales,Sydney,Sydney,-33.947634,151.248427
"Flood - Sydney, North Coast, and North Western Districts",Sydney,Sydney,-33.865127,151.224735
Flood - Burdekin River,"Ayr , Townsville","Ayr , Townsville",-19.188562,147.08159
"Flood - Melbourne, Yarra Valley","Cooma (VIC) , Wilsons Promontory , Melbourne","Cooma (VIC) , Wilsons Promontory , Melbourne",-37.730475,146.350774
Flood - Widespread Queensland,"Blackall , Cairns , Charleville , Charters Towers , Longreach , Mackay , Mount Isa , Townsville , Winton","Blackall , Cairns , Charleville , Charters Towers , Longreach , Mackay , Mount Isa , Townsville , Winton",-21.643655,145.187937
Flood - Tasmania,"Hobart , Launceston","Hobart , Launceston",-42.232823,147.195396
Flood - Widespread Coastal,"Brisbane , Cairns , Lismore (QLD) , Townsville","Brisbane , Cairns , Lismore (QLD) , Townsville",-22.870187,149.518506
Flood - Queensland South Coast,"Brisbane , Dubbo","Brisbane , Dubbo",-29.634651,151.075267
Flood - South East Queensland,Brisbane,Brisbane,-27.394355,153.174944
"Flood - Toowoomba, Miles, Cairns, and Townsville","Brisbane , Cairns , Roma , Townsville","Brisbane , Cairns , Roma , Townsville",-22.404776,148.784375
"Flood - Toowoomba, Miles, Cairns, and Townsville",Cairns,Cairns,-16.769801,145.954364
Flood - Hughenden,Hughenden,Hughenden,-20.716018,144.227424
Flood - Clermont and Peak Downs,Clermont,Clermont,-22.823941,147.636531
Bolwara Flood,Bolwarra,Bolwarra,-32.684374,151.504998
Flood - Melbourne and Victoria,Melbourne,Melbourne,-38.185217,145.411781
Flood - Geelong,Geelong,Geelong,-38.004526,144.309072
Flood - Nowra Flood,Nowra,Nowra,-34.903366,150.620156
Industrial - Longford Gas explision,"Bass Strait , Mount Gambier (VIC) , Wilsons Promontory , Melbourne","Bass Strait , Mount Gambier (VIC) , Wilsons Promontory , Melbourne",-39.143707,144.792945
Industrial - Bulli Mine,Wollongong,Wollongong,-34.440337,150.875549
Industrial - Dudley Mine,Sydney,Sydney,-33.77451,151.511621
Industrial - Broken Hill Mine Collapse,Broken Hill,Broken Hill,-31.690647,141.725938
Industrial - Creswick Gold Mine,Melbourne,Melbourne,-37.813902,144.963668
"Swanston Street wall collapse, 2013",Melbourne,Melbourne,-37.837788,145.004312
"Industrial – Pike River Mine, New Zealand",Outside Territorial Waters,Outside Territorial Waters,-25.329838,110.02418
Industrial - Savage River Mine Fire,Savage River,Savage River,-41.648715,145.194985
Industrial - Gladstone Factory Explosion,Whyalla,Whyalla,-33.267101,137.580625
Industrial - Beaconsfield Mine,Launceston,Launceston,-41.545892,147.527181
Industrial - Bellevue Hazardous Waste Fire,Perth,Perth,-31.949288,115.867612
Industrial -Kalgoorlie Mine Collapse,Kalgoorlie,Kalgoorlie,-30.561971,121.151737
Industrial - Hunter Valley Silo Explosion,Sydney,Sydney,-34.047081,150.828446
Industrial - North Parkes Mine,Dubbo,Dubbo,-32.552073,148.624408
Industrial - Moura Mine,Taroom,Taroom,-25.589412,149.857072
Industrial - South Bulli Coal Mine,Wollongong,Wollongong,-34.545102,150.845172
Industrial - Coode Island,Melbourne,Melbourne,-37.757463,144.874413
Industrial - Western Main,Hillston,Hillston,-33.506777,145.253137
Industrial - Leinster Mine Flood,Wiluna,Wiluna,-26.585819,120.219846
"Industrial - Boiling liquid expanding vapour explosion (BLEVE), Cairns",Cairns,Cairns,-17.47684,145.593255
Industrial - Moura Mine,Taroom,Taroom,-25.589412,149.857072
Industrial - Poisonous gases HMAS Stalwart,Territorial Waters,Territorial Waters,-19.706255,115.270217
Industrial - Appin Mine Explosion,Wollongong,Wollongong,-34.380126,151.039491
Industrial - Kianga Mine,Taroom,Taroom,-25.590937,149.739773
Industrial - Mount St Canice,Hobart,Hobart,-42.844383,147.279585
Industrial - Box Flat Mine Ipswich,Brisbane,Brisbane,-27.574187,152.459575
Industrial - Blackmans Flat,Dubbo,Dubbo,-32.226505,148.617069
"Industrial - Westgate Bridge Collapse, Melbourne",Melbourne,Melbourne,-37.834611,144.461594
Industrial â€“ Wyee State Mine,Sydney,Sydney,-33.948471,150.557688
Industrial â€“ Melbourne Crane Collapse,Melbourne,Melbourne,-37.95146,145.060538
Industrial - Collinsville Mine,Mackay,Mackay,-21.296438,149.136116
Industrial - Balmain colliery,Balmain,Balmain,-33.846988,151.559719
Industrial - Woodend Mine,Brisbane,Brisbane,-27.534224,153.077745
Industrial - Redhead Colliery,Sydney,Sydney,-33.967668,150.975184
Industrial - Bellbird Colliery,Sydney,Sydney,-34.181016,150.652536
Industrial - Mount Mulligan Mine,Cairns,Cairns,-16.87608,145.829628
Industrial - Great Extended Hustler's Mine explosion,Bendigo,Bendigo,-36.746292,144.296535
Industrial - Queenstown Copper Mine Fire,Hobart,Hobart,-42.956233,147.291052
Industrial - Stanford Merthyr Mine,Sydney,Sydney,-34.017007,151.523655
Industrial - Charters Towers mine 1904,Charters Towers,Charters Towers,-19.984438,146.627939
Industrial - Burwood Colliery,Sydney,Sydney,-33.67794,151.086965
Industrial - Balmain mining fall,Balmain,Balmain,-33.681169,151.761907
Industrial - Greta Colliery Fire,Sydney,Sydney,-33.902974,151.396488
Industrial - Varanus Island Gas Explosion,Dampier,Dampier,-20.563263,117.215411
Industrial - MV Nego Kim,Dampier,Dampier,-20.768043,117.268863
Industrial - HMAS Westralia (II),Perth,Perth,-31.970847,115.858747
Industrial - HMAS Tarakan Explosion,Sydney,Sydney,-33.547587,151.429874
Industrial - Wonthaggi Gas Explosion,Wilsons Promontory,Wilsons Promontory,-39.370109,146.588059
Industrial - Mt Kembla Gas Explosion,Wollongong,Wollongong,-34.346803,150.936667
Landslide - Somersby,Sydney,Sydney,-33.757021,151.06377
Landslide - Thredbo,Canberra (NSW),Canberra (NSW),-35.162,149.489766
Landslide - Gracetown,Gracetown,Gracetown,-33.869774,115.028169
Landslide - Adelaide Hills,Adelaide,Adelaide,-34.938173,138.593702
Other Disasters- Cowra POW Attempted Mass Escape,Dubbo,Dubbo,-32.260615,149.060471
Other Disasters - Wartime Bombing Raids,Darwin,Darwin,-12.360135,130.783732
"Severe Storm - Thunderstorm Asthma, 2016",Melbourne,Melbourne,-37.813255,144.963273
"Hail - North Sydney hailstorm, 2017",North sydney,North sydney,-33.960261,151.05091
Hail - Sydney,Sydney,Sydney,-34.033591,150.999672
Hail - Lismore,Lismore (NSW),Lismore (NSW),-28.214401,153.217536
Hail - Sydney Hailstorm,Sydney,Sydney,-34.100969,151.191418
Hail - Lake Grace,Bunbury,Bunbury,-33.39481,115.30505
Storm - Severe storm Sydney,Sydney,Sydney,-33.885924,150.56073
Hail - Gold Coast,Brisbane,Brisbane,-27.459491,153.052219
Hail - Brisbane,Brisbane,Brisbane,-27.859207,153.345955
Hail - South East Queensland,"Brisbane , Bundaberg , Lismore (QLD)","Brisbane , Bundaberg , Lismore (QLD)",-27.07056,152.89563
Hail - Sydney,Sydney,Sydney,-34.033591,150.999672
Hail - Brisbane and Region,Brisbane,Brisbane,-27.524632,152.616334
Hail - Singleton,Sydney,Sydney,-33.875144,151.208522
Hail - Armidale and Tamworth,Tamworth,Tamworth,-31.227745,150.955254
Hail - Brisbane and South East Queensland,Brisbane,Brisbane,-27.623537,153.100563
Hail - Adelaide,Adelaide,Adelaide,-34.929797,138.602243
Hail - Western Sydney,Sydney,Sydney,-33.928777,151.377675
Hail - Western Sydney,Sydney,Sydney,-33.928777,151.377675
Hail - Orange,Dubbo,Dubbo,-32.017915,148.789123
Hail - Brighton,Brisbane,Brisbane,-27.506325,152.905503
Hail - Port Broughton,Whyalla,Whyalla,-33.323414,137.940373
Hail - Toowoomba,Brisbane,Brisbane,-27.485043,153.286746
Severe Storm - Melbourne,Melbourne,Melbourne,-37.373296,144.809656
"Severe Storm - Melbourne, Victoria",Melbourne,Melbourne,-38.402492,144.988123
Severe Storm - Perth,Perth,Perth,-31.829985,115.837779
"Severe Storm - Melbourne, Victoria",Melbourne,Melbourne,-38.402492,144.988123
Severe Storm - South East Queensland,Brisbane,Brisbane,-27.549514,153.422457
Severe Storm - Southern States Windstorms,"Adelaide , Mount Gambier (SA) , Murray Bridge (SA) , Hobart , Launceston , Melbourne","Adelaide , Mount Gambier (SA) , Murray Bridge (SA) , Hobart , Launceston , Melbourne",-38.659907,142.855721
Severe Storm - South East Queensland and Northern New South Wales,"Brisbane , Bundaberg , Lismore (QLD) , Roma","Brisbane , Bundaberg , Lismore (QLD) , Roma",-26.934155,151.857151
Severe Storm - New South Wales East Coast Low,Sydney,Sydney,-33.924353,151.141154
Severe Storm - Northern New South Wales,Lismore (NSW),Lismore (NSW),-28.852505,153.240626
Severe Storm - Bunbury and South Perth,"Bunbury , Perth","Bunbury , Perth",-32.4646,115.224723
"Severe Storm - New South Wales, Victoria, Australian Capital Territory, Tasmania and South Australia","Sydney , Wollongong , Canberra (ACT) , Cooma (VIC) , Adelaide , Melbourne","Sydney , Wollongong , Canberra (ACT) , Cooma (VIC) , Adelaide , Melbourne",-35.393782,147.265914
"Severe Storm - South East Queensland, Northern New South Wales, Northern Western Australia. Northern Territory","Brisbane , Lismore (NSW) , Broome , Katherine","Brisbane , Lismore (NSW) , Broome , Katherine",-22.17177,140.239195
Severe Storm - South Eastern Australia,"Sydney , Wollongong , Canberra (ACT) , Cooma (VIC) , Warrnambool (VIC) , Wilsons Promontory , Hobart , Melbourne","Sydney , Wollongong , Canberra (ACT) , Cooma (VIC) , Warrnambool (VIC) , Wilsons Promontory , Hobart , Melbourne",-37.383197,147.620608
Severe Storm - Sydney,Sydney,Sydney,-33.960423,151.23445
"Severe Storm - Grafton, Kingscliff and Lismore",Lismore (NSW),Lismore (NSW),-28.774488,153.267779
"Severe Storm - Sydney, Hunter Valley and Northern Regions","Sydney , Tamworth , Wollongong","Sydney , Tamworth , Wollongong",-33.129049,151.01053
Severe Storm - Eastern New South Wales,Sydney,Sydney,-33.880426,151.215668
Severe Storm - Casino and Region,Lismore (NSW),Lismore (NSW),-28.568309,152.894808
Severe Storm - Sydney and Region,"Sydney , Wollongong","Sydney , Wollongong",-34.154794,151.038583
Storm - Melbourne,Melbourne,Melbourne,-37.847384,144.960189
Severe Storm - Dubbo,Dubbo,Dubbo,-32.248326,148.576834
"Severe Storm - Sydney, Wollongong and South Coast","Sydney , Wollongong","Sydney , Wollongong",-34.439598,151.079077
Severe Storm - Kosciuszko NP,Cooma (NSW),Cooma (NSW),-36.262401,148.993625
Severe Storm - Warwick,"Brisbane , Lismore (QLD)","Brisbane , Lismore (QLD)",-27.862075,152.920866
"Severe Storm - Hunter Valley, Tablelands and Southern Highlands","Sydney , Wollongong","Sydney , Wollongong",-34.229385,150.474354
Severe Storm - Ipswich,Brisbane,Brisbane,-27.399807,152.945844
Severe Storm - Sydney,Sydney,Sydney,-33.960423,151.23445
Severe Storm - Sydney and Regions,"Dubbo , Sydney , Tamworth","Dubbo , Sydney , Tamworth",-32.904587,149.928987
Severe Storm - Nyngan,Bourke,Bourke,-30.085722,145.939762
Severe Storm - Coffs Harbour,Tamworth,Tamworth,-30.713315,150.410217
Storm - Queensland Floods and Storms,Central and South East Queensland,Central and South East Queensland,-26.663903,152.067467
Severe Storm - New England and Hunter Valley,"Sydney , Tamworth","Sydney , Tamworth",-32.477517,151.131807
Severe Storm - Illawarra and Sydney,"Sydney , Wollongong","Sydney , Wollongong",-33.965478,151.301027
Severe Storm - Hunter Valley and Mid North Coast,Sydney,Sydney,-33.913426,151.704841
Severe Storm - Sydney and Blue Mountains,Sydney,Sydney,-34.387859,151.568017
Severe Storm - South Eastern Australia,"Sydney , Canberra (ACT) , Melbourne","Sydney , Canberra (ACT) , Melbourne",-35.797517,148.373567
"Severe Storm - Perth, Mandurah and South-West Coast","Bunbury , Geraldton , Perth","Bunbury , Geraldton , Perth",-31.307599,115.319829
Severe Storm - Sydney,Sydney,Sydney,-33.960423,151.23445
Severe Storm - Orbost,Cooma (VIC),Cooma (VIC),-36.232629,149.12103
Severe Storm - Sydney,Sydney,Sydney,-33.960423,151.23445
Severe Storm - Ballarat,Melbourne,Melbourne,-37.671247,144.461893
Severe Storm - Adelaide,Adelaide,Adelaide,-35.219307,138.467555
"Severe Storm - Newcastle, Sydney, Wollongong","Sydney , Wollongong","Sydney , Wollongong",-34.157808,151.336693
Severe Storm - Sydney,Sydney,Sydney,-33.960423,151.23445
Severe Storm - Western Sydney,Sydney,Sydney,-33.752676,151.149453
Storm - Brisbane,Brisbane,Brisbane,-27.443505,153.008447
Severe Storm - Sydney,Sydney,Sydney,-33.960423,151.23445
Storm - Sydney Hailstorm,Sydney,Sydney,-33.450915,151.15646
Maritime/Coastal - Lake Illawarra,Hobart,Hobart,-42.799214,146.540198
"Maritime/Coastal - AHS Centaur sinking, Cape Moreton",Brisbane,Brisbane,-27.467221,153.047203
Maritime/Coastal - Iron Crown steamship Sinking,Cooma (VIC),Cooma (VIC),-36.106643,149.135057
Maritime/Coastal - Sydney to Hobart Yacht Race,Bass Strait,Bass Strait,-39.622038,146.49389
Shipwreck - Sierra Nevada,Wilsons Promontory,Wilsons Promontory,-38.922666,146.671219
"Shipwreck - Toroa Shipwreck, Victoria 1858",Cape Otway,Cape Otway,-38.846282,143.509715
Shipwreck - Koenig Willem ll,Mount Gambier (SA),Mount Gambier (SA),-38.064286,140.843537
Shipwreck - Sally,Launceston,Launceston,-41.424688,146.434698
Shipwreck - Ly-Ee-Moon,Cooma (NSW),Cooma (NSW),-36.40999,148.862581
Shipwreck - Sea,Wilsons Promontory,Wilsons Promontory,-38.852915,146.205348
Shipwreck - Ecliptic,Wilsons Promontory,Wilsons Promontory,-38.566124,145.933571
Shipwreck - Creole,Launceston,Launceston,-41.865982,147.043755
Shipwreck - Rebecca,Hobart,Hobart,-42.878068,147.337916
Shipwreck - Alert,Wilsons Promontory,Wilsons Promontory,-39.016687,146.334771
Shipwreck - Glimpse,Launceston,Launceston,-41.279176,146.998539
Shipwreck - Maypo,Hobart,Hobart,-42.652387,146.932466
Shipwreck - Frisk,Wilsons Promontory,Wilsons Promontory,-39.030305,146.323896
Shipwreck - Marmion,Wilsons Promontory,Wilsons Promontory,-39.043922,146.302785
Shipwreck - Vergulde Draeck,Perth,Perth,-31.949046,115.871198
Shipwreck - Quetta,Cairns,Cairns,-16.544341,145.782266
Shipwreck - Governor Phillip,Launceston,Launceston,-41.475956,147.467899
Shipwreck - Echo,Hobart,Hobart,-42.672433,147.325495
Shipwreck - Lady Franklin,Hobart,Hobart,-42.68104,147.517729
Shipwreck - Tubal Cain,Wilsons Promontory,Wilsons Promontory,-39.291391,146.261042
Shipwreck - Pandora,Cairns,Cairns,-16.929731,145.763473
Shipwreck - Thetis,Wilsons Promontory,Wilsons Promontory,-38.78086,146.497757
Shipwreck - HMS Pelorus,Darwin,Darwin,-12.463401,130.8456
Shipwreck - Trial (Tryal),Dampier,Dampier,-20.835569,116.631512
Shipwreck - Revenge,Wollongong,Wollongong,-34.487139,150.82007
"Shipwreck - Lily of the Lake, Wild Wave, Blossom",Exmouth Gulf,Exmouth Gulf,-21.825007,114.498578
Shipwreck - Haweis,Sydney,Sydney,-33.868206,151.211594
Shipwreck - Lady Bird and Champion,Wilsons Promontory,Wilsons Promontory,-38.802833,146.589177
Shipwreck - Meg Merrilies,Wilsons Promontory,Wilsons Promontory,-39.250597,146.37367
Shipwreck - Gothenburg,Ayr,Ayr,-19.559354,147.440591
Shipwreck - Brothers,Sydney,Sydney,-33.86904,151.208897
Shipwreck - Bogong,Cooma (VIC),Cooma (VIC),-36.188811,149.09944
Shipwreck - British Admiral,Wilsons Promontory,Wilsons Promontory,-39.227486,146.151823
"Shipwreck - Highlander, Baruah, Elizabeth Jane, Effort and Pelican.",Sydney,Sydney,-34.064629,150.971137
Shipwreck - Broome and Region,Broome,Broome,-17.991565,121.935764
Shipwreck - Canmore,Sydney,Sydney,-34.21157,151.291181
Shipwreck - Moolgewanke,Murray Bridge (SA),Murray Bridge (SA),-35.208438,139.304413
Shipwreck - Brahmin,Launceston,Launceston,-41.706516,147.549683
Shipwreck - Edward,Launceston,Launceston,-41.690842,147.145494
Shipwreck - Stirling Castle,Swain Reefs,Swain Reefs,-21.525181,151.918792
Shipwreck - Banshee,Townsville,Townsville,-19.329592,146.886633
Shipwreck - Isabella Watson,Wilsons Promontory,Wilsons Promontory,-39.4692,146.331031
Shipwreck - Schah,Cooma (VIC),Cooma (VIC),-36.337388,149.092108
Shipwreck - Yarra Yarra,Launceston,Launceston,-41.225176,147.419891
Shipwreck - Dunbar,Sydney,Sydney,-33.870166,151.210161
Shipwreck - Rambler,Sydney,Sydney,-33.859837,150.982679
Shipwreck - Cheviot,Wilsons Promontory,Wilsons Promontory,-39.10768,145.699845
Shipwreck - Marie,Warrnambool (VIC),Warrnambool (VIC),-38.298531,142.504226
Shipwreck - Carrington,Sydney,Sydney,-33.683043,151.070473
Shipwreck - Antares,Launceston,Launceston,-41.251853,146.932228
Shipwreck - Balclutha,Sydney,Sydney,-33.852442,151.22612
Shipwreck - Rembrandt,Cooma (VIC),Cooma (VIC),-35.946342,149.279269
Shipwreck - Peruvian,Cairns,Cairns,-16.98313,145.91203
Shipwreck - Ellen Simpson,Cooma (VIC),Cooma (VIC),-36.231081,149.120592
Shipwreck - Favourite,Wilsons Promontory,Wilsons Promontory,-39.042729,146.40138
Shipwreck - Port Phillip Packet,Launceston,Launceston,-41.411705,147.340467
Shipwreck - Enchantress,Hobart,Hobart,-43.026112,146.904067
Shipwreck - Annie Ward,Hobart,Hobart,-42.946734,147.315409
Shipwreck - Monumental City,Cooma (VIC),Cooma (VIC),-35.873984,149.339035
Shipwreck - Rover,Wollongong,Wollongong,-34.42576,150.819237
Shipwreck - Conside,Wilsons Promontory,Wilsons Promontory,-39.257906,146.484893
Shipwreck - John Nussey,Wilsons Promontory,Wilsons Promontory,-38.921135,146.108065
Shipwreck - Geltwood,Mount Gambier (SA),Mount Gambier (SA),-37.939748,140.593993
Shipwreck - Neva,Launceston,Launceston,-41.442895,147.170886
Shipwreck - Nonpareil,Wilsons Promontory,Wilsons Promontory,-39.025782,146.327978
Shipwreck - Star of Greece,Adelaide,Adelaide,-34.959969,137.957889
Shipwreck - Rip,Port Philip,Port Philip,-38.027762,144.918506
Shipwreck - Spencer,Wilsons Promontory,Wilsons Promontory,-38.958743,146.298754
Shipwreck - St Patrick,Sydney,Sydney,-33.744098,151.444517
Shipwreck - Carlisle Castle and City of York,Perth,Perth,-31.770335,115.956712
Shipwreck - PSS Cawarra,Sydney,Sydney,-33.868877,151.209425
Shipwreck - George lll,Hobart,Hobart,-42.953022,147.709081
Shipwreck - Dandenong,Wollongong,Wollongong,-34.412027,150.93592
Shipwreck - Farningham,Hobart,Hobart,-42.54535,147.201317
Shipwreck - Macclesfield,Wilsons Promontory,Wilsons Promontory,-39.072601,146.215879
Shipwreck - Domain,Wilsons Promontory,Wilsons Promontory,-39.029766,146.317818
Shipwreck - Bonnie Dundee and Barrabool Collision,Sydney,Sydney,-33.376718,151.411334
Shipwreck - Providence,Melbourne,Melbourne,-37.812391,144.960709
Shipwreck - Elmgrove,Wilsons Promontory,Wilsons Promontory,-39.201832,146.279181
Shipwreck - Zeewijk,Geraldton,Geraldton,-28.776343,114.615698
Shipwreck - Kielawarra,Tamworth,Tamworth,-30.784476,150.952092
Shipwreck - Bunyip,Murray Bridge (SA),Murray Bridge (SA),-35.117557,139.27341
Shipwreck - Admiral Gifford,Sydney,Sydney,-34.033582,151.346931
Shipwreck - Bertha,Wilsons Promontory,Wilsons Promontory,-39.181831,146.822235
Shipwreck - Fairy,Launceston,Launceston,-41.759334,146.904406
Shipwreck - Craigburn,Wilsons Promontory,Wilsons Promontory,-39.116943,146.434798
Shipwreck - Circassian,Cooma (VIC),Cooma (VIC),-35.78626,148.860654
Shipwreck - Admella,Adelaide,Adelaide,-35.348023,138.595746
Shipwreck - Toroa,Wilsons Promontory,Wilsons Promontory,-39.098577,146.135063
Shipwreck - Fiji,Wilsons Promontory,Wilsons Promontory,-39.029926,146.29841
Shipwreck - Mars,Hobart,Hobart,-42.912321,147.346385
Shipwreck - Cumberland,Albany,Albany,-35.008275,117.815561
Shipwreck - Cataraqui,Launceston,Launceston,-41.797393,146.920454
Shipwreck - Eric the Red,Wilsons Promontory,Wilsons Promontory,-39.038297,146.326555
Shipwreck - Cambus Wallace,Brisbane,Brisbane,-27.49507,153.595143
Shipwreck - Julia,Mount Gambier (VIC),Mount Gambier (VIC),-37.715733,140.97007
Shipwreck - Rainbow,Sydney,Sydney,-33.884015,151.329425
Shipwreck - Isabella,Tamworth,Tamworth,-31.041852,150.933845
Shipwreck - Vixen,Brisbane,Brisbane,-27.491674,153.109799
Shipwreck - Sally,Sydney,Sydney,-33.860288,150.568751
Shipwreck - Lightship Rose,Brisbane,Brisbane,-27.412396,153.06744
Shipwreck - Columbine,Wilsons Promontory,Wilsons Promontory,-39.065756,146.46298
Shipwreck - Georgina and Spy,Hobart,Hobart,-42.694491,147.174368
Shipwreck - Sappho,Wilsons Promontory,Wilsons Promontory,-39.038861,146.124282
"Shipwreck - SIEV 221, Rocky Point, Christmas Island",Christmas and Cocos Islands,Christmas and Cocos Islands,-12.211777,96.833727
Shipwreck - Just Cruisin,Brisbane,Brisbane,-27.462801,153.056898
Shipwreck - Mineral Diamond,Port Hedland,Port Hedland,-20.308593,118.609436
Shipwreck - Shark Ace 4,Cooma (VIC),Cooma (VIC),-36.205052,149.167616
Shipwreck â€“ Nâ€™glucka,Sydney,Sydney,-34.18927,151.367215
Shipwreck - Great Expectations,Launceston,Launceston,-41.036719,147.559329
Shipwreck - Booya,Darwin,Darwin,-12.810995,131.122479
Shipwreck - Mandorah Queen,Darwin,Darwin,-12.746365,131.044623
Shipwreck - Blythe Star II,Launceston,Launceston,-41.492288,146.518966
Shipwreck - Collision Melbourne and Nieuw Holland,Wilsons Promontory,Wilsons Promontory,-39.041214,146.314402
Shipwreck - Sedco Helen,Darwin,Darwin,-12.334139,130.86167
Shipwreck - Noongah,Tamworth,Tamworth,-31.004885,150.252981
Shipwreck - Port Welshpool Ship Explosion,Wilsons Promontory,Wilsons Promontory,-39.028731,145.94928
Shipwreck - Naval Collision off Jervis Bay,Wollongong,Wollongong,-34.630659,150.573467
Shipwreck - Vicky,Wilsons Promontory,Wilsons Promontory,-39.007273,146.299175
Shipwreck - Fairwind,Tamworth,Tamworth,-31.223519,151.49302
Shipwreck - La Grange and Unidentified,Darwin,Darwin,-12.020392,131.046223
Shipwreck - Sibigo,Cooktown,Cooktown,-15.393876,145.196959
Shipwreck - Peter Silvester,Bunbury,Bunbury,-33.001071,115.575348
Shipwreck - Macumba,Coburg Peninsula,Coburg Peninsula,-11.296704,131.726711
Shipwreck - Wollongong,Wollongong,Wollongong,-34.427786,150.893105
Shipwreck - HMAS Kuttabul,Sydney,Sydney,-33.838442,151.237139
Shipwreck - Submarine l-124,Darwin,Darwin,-12.045974,130.885748
Shipwreck - HMAS Sydney,Outside Territorial Waters,Outside Territorial Waters,-25.125375,110.013823
Shipwreck - Goorangai,Wilsons Promontory,Wilsons Promontory,-38.643927,146.243916
Shipwreck - Kakariki and SS Caradale,Melbourne,Melbourne,-37.535352,145.449813
Shipwreck - Paringa,Wilsons Promontory,Wilsons Promontory,-38.977271,146.414523
Shipwreck - Lacepede Island,Broome,Broome,-18.189963,121.719171
Shipwreck - Coramba,Warrnambool (VIC),Warrnambool (VIC),-38.536963,142.55158
Shipwreck - Christina Fraser,Cooma (VIC),Cooma (VIC),-36.190507,148.857389
Shipwreck - Casino,Wilsons Promontory,Wilsons Promontory,-38.935881,146.3623
Shipwreck - Greycliffe,Sydney,Sydney,-33.868645,151.209151
Shipwreck - Wyrallah,Wilsons Promontory,Wilsons Promontory,-39.02807,146.323185
Shipwreck - S.S. Douglas Mawson,Territorial Waters,Territorial Waters,-20.000014,114.999916
Shipwreck - Southern Cross,Launceston,Launceston,-41.655904,147.47297
Shipwreck - Amelia J,Cooma (VIC),Cooma (VIC),-36.141753,149.21142
Shipwreck - Pareora,Adelaide,Adelaide,-34.794459,138.722542
"Shipwreck - Afric, Harriet, Leila, Opal",Melville Island,Melville Island,-11.777659,130.581637
Shipwreck - Antares,Warrnambool (VIC),Warrnambool (VIC),-38.200453,142.285362
Shipwreck - Candidate,Lismore (NSW),Lismore (NSW),-28.921503,153.676792
"Maritime/Coastal - SS Rosedale Shipwreck, NSW 1911",Crowdy Head,Crowdy Head,-31.885454,153.045201
Shipwreck - Glenelg,Cooma (VIC),Cooma (VIC),-36.266965,149.105798
Shipwreck - Yongala,Ayr,Ayr,-19.568032,147.400232
Shipwreck - Errol Middleton Reef,Lismore (NSW),Lismore (NSW),-28.765563,153.342387
Shipwreck - Loch Lomond,Sydney,Sydney,-33.971019,151.44016
Shipwreck - Orion,Launceston,Launceston,-41.425304,147.180248
Shipwreck - Alfhild,Hobart,Hobart,-43.325818,147.492239
Shipwreck - Kawatiri,Launceston,Launceston,-41.403061,147.268409
Shipwreck - Brier Holme,Hobart,Hobart,-42.781427,147.214818
Shipwreck - Acacia,Hobart,Hobart,-43.144914,147.676826
Shipwreck - Edward Lombe,Sydney,Sydney,-33.802178,150.957411
Shipwreck - The Rip Shipwwreck,Port Phillip Heads,Port Phillip Heads,-38.55565,144.802954
Shipwreck - Federal,Cooma (VIC),Cooma (VIC),-36.29948,149.137014
Tornado - Kin Kin,Brisbane,Brisbane,-27.925682,153.044795
Transport - Redfern Train Collision,Sydney,Sydney,-33.822573,151.240568
Transport - Cootamundra Train Derailment,Wollongong,Wollongong,-34.535993,150.845341
Transport - Brisbane River Ferry Sinking,Brisbane,Brisbane,-27.474773,153.030383
"Transport – Emu Plains Train Collision, New South Wales 1878",Emu Plains,Emu Plains,-33.759438,150.67306
"Transport – Aircraft crash, Caboolture Queensland 2014",Caboolture,Caboolture,-27.012028,152.878556
Transport – Laos plane crash 2013,Outside Territorial Waters,Outside Territorial Waters,-24.945058,110.122134
Transport - Papua New Guinea Plane Crash,Outside Territorial Waters,Outside Territorial Waters,-24.941713,110.125578
Transport - Taxi and Truck Collision,Darwin,Darwin,-12.37223,130.828006
Transport - Kerang Train and Truck Collision,Swan Hill (VIC),Swan Hill (VIC),-35.529598,143.561189
Transport â€“ Sydney Ferry Accident,Sydney,Sydney,-34.122987,151.448798
Transport - Burnley Tunnel Fire,Melbourne,Melbourne,-37.857092,145.004766
Transport - Plane Crash Indonesia,Outside Territorial Waters,Outside Territorial Waters,-25.099994,109.925723
Transport - Trawalla Train and Truck Collision,Melbourne,Melbourne,-37.597096,145.180745
Transport - Egypt Bus Crash,Outside Territorial Waters,Outside Territorial Waters,-25.223417,110.090522
"Transport - Bundaberg Backpacker mini-bus accident, Queensland 2005",Bundaberg,Bundaberg,-24.711856,151.891674
Transport -Mini Bus accident on Jamberoo Mountain Road,Wollongong,Wollongong,-34.426193,150.889288
Transport - Lockhart River Plane Crash,Weipa,Weipa,-12.754509,141.988056
Transport - Navy Helicopter Accident,Outside Territorial Waters,Outside Territorial Waters,-24.936796,110.451663
"Transport - St Albans, Train and Car Collision",Melbourne,Melbourne,-37.563397,144.788337
Transport - Waterfall Train Crash,Sydney,Sydney,-33.300808,151.233825
"Transport - Salisbury - Train, Bus and Car Collision",Adelaide,Adelaide,-35.277192,138.580833
Transport - Benalla Train Derailment,Melbourne,Melbourne,-38.032734,145.000313
Transport - Albury Bus Crash,Canberra (NSW),Canberra (NSW),-35.274615,149.099163
Transport - Wandandian bus crash,Wollongong,Wollongong,-34.526111,150.89663
Transport - Barossa Valley School Bus Crash,Adelaide,Adelaide,-34.813906,138.524881
Transport - Newman Police Aircraft Crash,Tom Price,Tom Price,-22.58446,117.873504
Transport - Capricorn Helicopter Rescue Crash,Rockhampton,Rockhampton,-22.839499,150.347391
Transport - Spencer Gulf Light Aircraft Crash,Whyalla,Whyalla,-33.07952,137.494476
Transport - Glenbrook (Blue Mountains) Railway Accident,Sydney,Sydney,-33.865399,151.210047
"Transport - Gulf of Carpentaria Light Aircraft Crash, Queensland 1999",Gulf of Carpentaria,Gulf of Carpentaria,-16.013718,138.990394
Transport - Fiji Air Crash,Outside Territorial Waters,Outside Territorial Waters,-24.587814,110.062799
Transport - Eastern Highlands Papua New Guinea Plane Crash,Outside Territorial Waters,Outside Territorial Waters,-25.21352,110.063769
"Transport - Torres Strait plane crash, Queensland 1999",Torres Strait,Torres Strait,-10.543606,142.197996
Transport - Albury Coach and Truck Collision,Canberra (NSW),Canberra (NSW),-35.265183,149.117372
Transport - Bookham Coach Semi-Trailer Collision,Canberra (NSW),Canberra (NSW),-35.259285,149.138021
Transport - Black Hawk Air Collision,Townsville,Townsville,-19.258765,146.816926
Transport - Albany Light Aircraft Crash,Albany,Albany,-35.044919,117.873994
Transport - Merredin Rail Collision,Merredin,Merredin,-31.482645,118.278377
"Transport - Williamtown to Lord Howe Island, Light Aircraft Crash",Cooma (NSW),Cooma (NSW),-36.240684,149.090896
Transport - Boondall (Brisbane) Bus Crash,Brisbane,Brisbane,-27.292209,153.048057
Transport - Wangaratta Truck and Bus Collision,Melbourne,Melbourne,-37.464867,144.553765
Transport - Mt Tamborine Bus Crash,Brisbane,Brisbane,-27.470379,153.028536
Transport - Mt Emerald Jet Aircraft Crash,Cairns,Cairns,-16.691813,145.73858
Transport - Brooklyn NSW Train Collision,Sydney,Sydney,-33.954113,151.588162
Transport - Clybucca Flat (near Kempsey) Bus Collision,Tamworth,Tamworth,-31.142389,151.127291
Transport - Cowper (near Grafton) Bus and Semi Trailer Collision,Lismore (NSW),Lismore (NSW),-29.2016,153.645514
Transport - Hot Air Balloon Crash,Alice Springs,Alice Springs,-23.885955,133.549383
Transport - Leonora Light Aircraft Crash,Leonora,Leonora,-29.014201,121.042895
Transport - Bundaberg Air Ambulance Crash,Bundaberg,Bundaberg,-24.955092,152.215309
Transport - Gordonvale/Cairns Bus Crash,Cairns,Cairns,-16.834612,146.106209
Transport - Essendon Air ambulance Crash,Melbourne,Melbourne,-37.814783,144.957137
"Transport - Light Aircraft Crash, Victoria",Gisbourne,Gisbourne,-37.486707,144.581951
Transport - Koolan Island Light Aircraft Crash,Derby,Derby,-17.413208,123.781414
Transport - Goulburn Light Aircraft Crash,Wollongong,Wollongong,-34.84136,150.786134
Transport - El Alamein Helicopter Crash,Whyalla,Whyalla,-33.006678,137.457678
"Transport - Essendon Melbourne, Light Aircraft Crash",Melbourne,Melbourne,-38.052313,144.845421
Transport - Granville Rail Disaster,Sydney,Sydney,-33.809646,150.913079
Transport - Parafield Light Aircraft Collision,Adelaide,Adelaide,-34.928982,138.598975
Transport - Bankstown Light Aircraft Collision,Sydney,Sydney,-33.843705,151.22198
"Transport - Tumut Ponds Bus crash, NSW 1973",Tumut Ponds,Tumut Ponds,-35.864234,148.060386
Transport - Golden Grove Light Aircraft Crash,Adelaide,Adelaide,-34.726765,138.786438
Transport - Leigh Creek Light Aircraft Crash,Leigh Creek,Leigh Creek,-30.581445,138.436114
Wasleys train and bus crash,Wasleys,Wasleys,-34.76574,139.11852
Transport - Parafield Region Light Aircraft Crash,Adelaide,Adelaide,-34.938844,138.529944
"Violet Town train collision, 1969",Violet Town,Violet Town,-36.570148,146.123964
Transport - Southern Aurora,Melbourne,Melbourne,-37.789311,144.493555
Transport - Port Hedland Aircraft Crash,Port Hedland,Port Hedland,-20.310418,118.605965
Transport - Winton Aircraft Accident,Winton,Winton,-22.378293,143.030557
Transport - Sydney Airliner Crash,Sydney,Sydney,-33.799949,150.634264
Transport - Bogantungan Railway Accident,Clermont,Clermont,-22.853784,147.008268
Transport - Wallumbilla Rail Collision,Roma,Roma,-26.261137,148.417788
Transport - Sydenham (Sydney) Train Collision,Sydney,Sydney,-33.743306,151.163649
Transport - Boronia Bus and Train Collision,Melbourne,Melbourne,-37.814011,144.963512
Transport - Berala Rail Collision,Sydney,Sydney,-33.872157,151.212259
Transport - Horsham Train and Bus Collision,Mount Gambier (VIC),Mount Gambier (VIC),-37.727124,140.792311
Transport - York Aircraft Crash,Perth,Perth,-32.097281,116.470896
Transport - Perth Aircraft Crash,Perth,Perth,-32.001221,115.842667
Transport - Spit Bridge Bus Crash,Sydney,Sydney,-33.866128,151.208993
Transport - Coolangatta Aircraft Crash,Lismore (QLD),Lismore (QLD),-29.360549,153.422696
Transport - Rocky Ponds Train Derailment,Canberra (NSW),Canberra (NSW),-35.075848,148.937836
Transport - Tamaree Train Crash,Bundaberg,Bundaberg,-24.883361,152.248033
Transport - Camp Mountain (Dayboro) Train Derailment,Brisbane,Brisbane,-27.499332,152.709281
"Transport - Aircraft crash, Seven Mile Beach, 1946",Seven Mile Beach,Seven Mile Beach,-42.687583,146.742472
Transport - Copley Rail Collision,Leigh Creek,Leigh Creek,-30.575276,138.424846
Transport - Brooklyn Train and Bus Collision,Sydney,Sydney,-34.229554,151.34719
Transport - Wodonga Train and Bus Collision,Cooma (VIC),Cooma (VIC),-36.17456,149.115063
Transport - Dandenongs Aircraft Crash,Melbourne,Melbourne,-37.665931,145.564235
Transport - Capsized Ferry Rodney,Sydney,Sydney,-33.821015,151.347027
"Transport - Southern Cloud Crash, NSW 1931",Tumbarumba,Tumbarumba,-35.775153,148.014993
Transport - Sydney Harbour Ferry Collision,Sydney,Sydney,-33.942723,150.916956
Transport - Murulla Train Accident,Tamworth,Tamworth,-31.178686,150.931291
Transport - Aberdeen Bridge Collapse,Sydney,Sydney,-34.195886,151.004664
Transport - Traveston Train Derailment,Brisbane,Brisbane,-27.514502,153.023676
Transport - Wokalup Train Crash,Bunbury,Bunbury,-32.943112,115.430709
Transport - Hurstville Rail Accident,Sydney,Sydney,-33.759778,150.716317
Transport - Exeter Train Collision,Wollongong,Wollongong,-34.459983,150.744754
"Transport – Toowoomba Train Collision, Queensland 1913",Brisbane,Brisbane,-26.968593,152.734765
Transport - Richmond Rail Collision,Melbourne,Melbourne,-37.829325,144.945819
Transport - Beaufort Train Derailment,Melbourne,Melbourne,-37.845263,144.944391
Transport - Sunshine Rail Collision,Melbourne,Melbourne,-37.800825,144.988738
Transport - Sydenham Train Derailment,Sydney,Sydney,-33.719307,151.130966
"Tsunami - Samoa, American Samoa and Tonga",Outside Territorial Waters,Outside Territorial Waters,-24.959939,109.792252
Tsunami - Indian Ocean,Outside Territorial Waters,Outside Territorial Waters,-25.183922,110.137921
Urban Fire - Quakers Hill Nursing Home,Sydney,Sydney,-33.867854,151.206455
Urban Fire - Slacks Creek House Fire,Brisbane,Brisbane,-27.419874,153.001288
Urban Fire - Melbourne Warehouse,Melbourne,Melbourne,-37.868788,145.36618
"Urban Fire - Mitcham Shopping Centre, Adelaide",Adelaide,Adelaide,-35.057597,138.653345
Urban Fire - Brisbane Boarding House,Brisbane,Brisbane,-27.323964,153.575184
Urban Fire - Childers Backpacker,Bundaberg,Bundaberg,-24.87114,152.346873
Urban Fire - Kew Cottages,Melbourne,Melbourne,-37.592818,144.79679
Urban Fire - Dungog Hostel Fire,Sydney,Sydney,-33.737277,150.633319
Urban Fire - Noble Park Melbourne,Melbourne,Melbourne,-38.099543,145.079387
Urban Fire - Oakdale Guesthouse Ipswich,Brisbane,Brisbane,-27.585402,152.397676
"Urban Fire – Kings Cross, New South Wales 1989",Sydney,Sydney,-34.001538,150.995283
Urban Fire - Kings Cross,Sydney,Sydney,-33.886665,151.34492
Urban Fire - Sydney Luna Park,Sydney,Sydney,-34.118533,150.80861
Urban Fire - Melbourne Hostel,Melbourne,Melbourne,-37.813673,144.96226
Urban Fire - Somers Hospital Fire,Wilsons Promontory,Wilsons Promontory,-39.030003,146.323593
Urban Fire - Adelaide Café fire,Adelaide,Adelaide,-35.400947,139.004181
